customer_id,customer_name,segment,country,created_at
C00001,"Bishop, Barton and Jordan",Mid-Market,UK,2025-07-25
C00002,Hunter-Reed,SMB,DE,2022-11-10
C00003,Lane-Hunt,Mid-Market,FR,2021-12-21
C00004,"John, Lawrence and Bradshaw",Mid-Market,IE,2021-05-27
C00005,"Davis, George and Ward",SMB,NL,2021-04-02
C00006,Phillips LLC,Enterprise,DE,2025-04-02
C00007,Bennett and Sons,Mid-Market,FR,2024-12-07
C00008,"Scott, Yates and Tucker",Mid-Market,UK,2023-10-22
C00009,Lee-Smith,SMB,IE,2022-02-24
C00010,Jones-Woods,SMB,UK,2024-05-11
C00011,Richards-Sims,SMB,UK,2024-02-23
C00012,Kennedy Inc,Enterprise,IE,2025-06-25
C00013,Lane LLC,SMB,NL,2022-07-16
C00014,Jones-Daniels,Mid-Market,NL,2025-01-26
C00015,Francis Group,SMB,UK,2022-12-08
C00016,O'Connor Inc,SMB,IE,2021-05-16
C00017,Roberts LLC,SMB,IE,2022-11-06
C00018,"Brown, Atkinson and Gould",SMB,UK,2023-11-12
C00019,Brown-Armstrong,Mid-Market,UK,2021-12-05
C00020,"Mann, Miles and Walker",SMB,UK,2022-05-03
C00021,Osborne LLC,Mid-Market,DE,2022-08-21
C00022,Davies-Barker,SMB,UK,2025-12-24
C00023,Hall LLC,Enterprise,NL,2024-07-27
C00024,Edwards and Sons,Mid-Market,UK,2022-06-06
C00025,"Edwards, Patterson and Buckley",Mid-Market,NL,2024-07-23
C00026,"Richards, Page and Evans",SMB,UK,2021-05-17
C00027,"Jones, Patel and Moore",SMB,DE,2024-04-06
C00028,"Davies, Smith and Griffiths",SMB,UK,2023-04-13
C00029,Lowe PLC,SMB,UK,2024-01-06
C00030,Cole-Baker,Mid-Market,DE,2024-10-13
C00031,Edwards-Lyons,Mid-Market,FR,2024-10-26
C00032,Bryan-Fox,Enterprise,DE,2022-10-29
C00033,"Murphy, Walker and Bailey",SMB,UK,2024-12-27
C00034,Houghton-Banks,SMB,UK,2023-09-18
C00035,Flynn-Wilkinson,SMB,UK,2024-03-12
C00036,Clayton-Barry,SMB,UK,2023-11-18
C00037,Giles-Pratt,SMB,IE,2023-03-29
C00038,Roberts Inc,SMB,IE,2024-07-20
C00039,Taylor Group,SMB,DE,2021-04-16
C00040,Hobbs LLC,Mid-Market,FR,2024-11-09
C00041,Thompson PLC,SMB,IE,2022-04-08
C00042,Williams-Brown,Mid-Market,DE,2021-08-24
C00043,Todd-Webster,Mid-Market,UK,2025-11-02
C00044,Dunn Inc,SMB,UK,2025-02-10
C00045,"Green, Spencer and Rhodes",Mid-Market,UK,2024-04-28
C00046,Smart Inc,Mid-Market,FR,2023-11-24
C00047,"Taylor, Faulkner and Jackson",SMB,UK,2022-04-07
C00048,Wright-Fisher,SMB,UK,2025-06-11
C00049,Bull Ltd,Mid-Market,IE,2023-05-11
C00050,Taylor-Collins,SMB,UK,2022-07-08
C00051,Lewis Inc,SMB,UK,2023-01-28
C00052,Cartwright-Thomas,SMB,FR,2021-12-03
C00053,"Mason, Harding and Begum",Mid-Market,IE,2023-12-26
C00054,"Stewart, Doyle and Davies",Mid-Market,UK,2023-07-29
C00055,Ford Ltd,Mid-Market,FR,2022-05-19
C00056,Barker and Sons,Mid-Market,UK,2023-08-19
C00057,Green Inc,SMB,FR,2021-04-16
C00058,"Evans, Williams and Lee",SMB,UK,2023-06-10
C00059,Ball-Jones,SMB,UK,2025-04-17
C00060,"Wilson, Edwards and Atkinson",SMB,UK,2024-02-29
C00061,"Butler, Jones and Adams",Mid-Market,UK,2025-08-15
C00062,Leonard Ltd,SMB,FR,2023-11-14
C00063,"Wright, O'Connor and Bennett",SMB,UK,2024-01-28
C00064,Davies-Doyle,Mid-Market,UK,2023-08-02
C00065,"Bibi, Butler and Newman",SMB,UK,2025-09-27
C00066,Holden-Ball,SMB,IE,2024-10-31
C00067,Hall and Sons,SMB,DE,2025-04-06
C00068,Doyle-Mason,SMB,NL,2023-12-12
C00069,Anderson Inc,SMB,UK,2023-06-25
C00070,Austin-Dyer,SMB,UK,2024-03-01
C00071,"Poole, O'Brien and Dixon",SMB,UK,2025-08-27
C00072,"Short, Roberts and Higgins",SMB,UK,2022-08-20
C00073,"Read, Cooper and Houghton",Mid-Market,NL,2025-04-07
C00074,Baxter Group,SMB,IE,2022-08-19
C00075,"Cross, Sheppard and Todd",SMB,UK,2023-05-27
C00076,Hill-Matthews,SMB,UK,2021-03-07
C00077,Rahman-Smith,SMB,FR,2021-03-21
C00078,Cook Inc,Mid-Market,UK,2024-07-10
C00079,Mills Group,SMB,UK,2021-04-13
C00080,Phillips-Morrison,Mid-Market,UK,2023-04-26
C00081,Mason-Jones,Mid-Market,UK,2024-11-09
C00082,Douglas-Morris,SMB,UK,2023-10-15
C00083,"Martin, Evans and Allen",Mid-Market,UK,2024-01-09
C00084,Davies LLC,SMB,UK,2022-03-02
C00085,"Johnston, Mann and Smith",SMB,UK,2026-01-21
C00086,Day LLC,SMB,UK,2023-04-24
C00087,Sharpe PLC,Mid-Market,UK,2021-11-09
C00088,Peacock Ltd,SMB,NL,2024-07-23
C00089,Smith PLC,SMB,DE,2025-06-15
C00090,"Simmons, Byrne and Clark",SMB,UK,2025-03-23
C00091,Brown Ltd,SMB,UK,2023-03-13
C00092,Farrell Group,Mid-Market,FR,2021-11-11
C00093,Bowen Ltd,SMB,UK,2024-08-08
C00094,White-Edwards,SMB,UK,2023-09-16
C00095,Brown Inc,SMB,FR,2022-01-22
C00096,Fleming and Sons,SMB,UK,2023-04-05
C00097,Parkinson Group,SMB,IE,2026-01-20
C00098,Clarke-Lewis,SMB,UK,2025-03-03
C00099,Robinson and Sons,SMB,IE,2023-08-24
C00100,Williams-Roberts,Enterprise,UK,2025-12-27
C00101,"Murphy, Green and Johnson",Enterprise,UK,2023-08-11
C00102,"Lee, Davis and Gardner",Mid-Market,UK,2024-10-03
C00103,Jackson PLC,SMB,UK,2025-10-09
C00104,"Hargreaves, Noble and Hicks",Enterprise,FR,2024-01-01
C00105,"Newton, Hurst and Evans",Mid-Market,UK,2024-05-25
C00106,Cross-Green,Mid-Market,UK,2022-11-29
C00107,"Butler, Hunter and Bishop",SMB,DE,2023-07-07
C00108,Lewis Ltd,SMB,DE,2025-09-22
C00109,Harris LLC,SMB,UK,2023-01-06
C00110,"Young, Weston and Hicks",Enterprise,UK,2025-10-04
C00111,"Thomas, Johnson and Charlton",SMB,NL,2022-07-31
C00112,"Macdonald, Marshall and Hutchinson",SMB,IE,2022-04-05
C00113,Pugh Group,SMB,DE,2024-07-23
C00114,"Wallace, Patel and Harper",SMB,FR,2023-12-02
C00115,Burns-Kent,SMB,DE,2022-11-16
C00116,Jackson and Sons,Mid-Market,UK,2025-12-24
C00117,Cameron Inc,Mid-Market,UK,2025-03-03
C00118,"Macdonald, Gardner and Davis",Mid-Market,UK,2025-02-17
C00119,Stokes-Phillips,SMB,IE,2024-03-14
C00120,Cross-Cooper,SMB,NL,2021-10-08
C00121,"Long, Smith and Miller",SMB,UK,2021-12-20
C00122,Watkins PLC,SMB,UK,2022-05-30
C00123,Chadwick-Murray,SMB,UK,2025-03-01
C00124,"Williams, Woodward and Smith",SMB,NL,2024-09-19
C00125,Cooper-Watson,SMB,UK,2024-01-14
C00126,Blake-Watts,SMB,UK,2025-09-23
C00127,Williams-Green,SMB,UK,2024-12-14
C00128,"Turner, Berry and Young",SMB,UK,2025-08-03
C00129,Talbot-Abbott,SMB,UK,2025-12-24
C00130,Robinson-Watson,SMB,UK,2024-07-05
C00131,Dawson-Evans,SMB,UK,2025-07-01
C00132,Walsh PLC,Enterprise,UK,2022-02-14
C00133,Leonard and Sons,SMB,UK,2023-03-10
C00134,Holmes-Clark,SMB,UK,2021-06-06
C00135,Davies PLC,SMB,UK,2025-06-01
C00136,"Evans, Fisher and Webb",SMB,IE,2022-06-13
C00137,Quinn LLC,Enterprise,UK,2025-06-28
C00138,"Robson, Rowe and Wade",SMB,UK,2021-02-14
C00139,Rose-Rees,Mid-Market,UK,2025-06-11
C00140,Myers LLC,SMB,UK,2022-04-07
C00141,Bell-Rogers,SMB,UK,2024-12-08
C00142,Mitchell-King,SMB,UK,2023-12-10
C00143,Harrison PLC,Enterprise,FR,2021-04-18
C00144,"Watson, Brown and Morgan",SMB,UK,2021-11-17
C00145,"Fraser, Campbell and Manning",SMB,UK,2025-05-01
C00146,"Freeman, Thomas and White",SMB,UK,2021-09-13
C00147,Stanley-Martin,SMB,UK,2024-12-05
C00148,"Lambert, Dean and Stevens",SMB,UK,2021-07-12
C00149,Burns LLC,SMB,DE,2023-08-30
C00150,Hill LLC,SMB,DE,2024-11-09
C00151,Chambers-Mitchell,Mid-Market,UK,2021-08-06
C00152,Smith-Williams,Mid-Market,UK,2022-09-28
C00153,Wilkins and Sons,SMB,UK,2023-12-02
C00154,"Doherty, Burgess and Kirby",SMB,UK,2025-09-06
C00155,Robinson-Hope,SMB,IE,2022-11-11
C00156,"Wyatt, Payne and Mason",Mid-Market,UK,2023-11-29
C00157,Moore Inc,SMB,UK,2024-03-21
C00158,Morrison and Sons,Mid-Market,NL,2022-10-16
C00159,Walker Group,Mid-Market,UK,2023-06-18
C00160,Long-Kaur,Mid-Market,UK,2023-09-05
C00161,Knight-Lamb,SMB,IE,2022-05-14
C00162,Russell-Hartley,Enterprise,UK,2022-09-30
C00163,"Vaughan, Long and Hewitt",SMB,UK,2022-05-01
C00164,"Smith, Godfrey and Richardson",SMB,UK,2023-02-18
C00165,Goddard-McCarthy,SMB,FR,2021-02-17
C00166,Clark-Marshall,SMB,UK,2025-01-26
C00167,McKenzie-Bull,Mid-Market,UK,2025-07-05
C00168,Hall PLC,Mid-Market,UK,2024-10-13
C00169,Richards and Sons,SMB,UK,2023-06-05
C00170,Bird-Hudson,Enterprise,UK,2023-11-28
C00171,Howarth LLC,SMB,UK,2021-04-19
C00172,Begum-Pollard,SMB,UK,2021-03-21
C00173,Gardner-Brooks,SMB,UK,2023-11-15
C00174,"Burgess, Burns and Martin",Enterprise,DE,2023-03-10
C00175,Brooks-Gibbs,SMB,UK,2022-06-01
C00176,"Short, Thompson and Foster",SMB,FR,2023-04-20
C00177,Naylor Ltd,SMB,UK,2022-01-11
C00178,"Baker, Sullivan and Naylor",Enterprise,UK,2025-12-25
C00179,"McDonald, Lloyd and Turnbull",Mid-Market,DE,2024-02-10
C00180,Hall-Gordon,Mid-Market,FR,2025-12-26
C00181,"Osborne, Parker and Waters",Mid-Market,UK,2022-11-20
C00182,Hughes-Dawson,Mid-Market,FR,2022-12-18
C00183,"Walton, Buckley and Freeman",SMB,UK,2025-01-07
C00184,Tomlinson Group,SMB,UK,2023-08-12
C00185,Bull and Sons,Mid-Market,NL,2022-11-14
C00186,"Cox, Hudson and Kay",Mid-Market,UK,2022-05-16
C00187,"Singh, Evans and Webster",SMB,DE,2023-09-28
C00188,"Jenkins, Jackson and Hughes",SMB,UK,2025-05-12
C00189,Ford LLC,Mid-Market,DE,2024-02-17
C00190,Fox PLC,SMB,UK,2024-08-12
C00191,Harrison and Sons,Enterprise,UK,2024-08-02
C00192,Page and Sons,SMB,UK,2025-07-13
C00193,Hargreaves-Taylor,SMB,UK,2026-01-27
C00194,Robertson-Haynes,Mid-Market,UK,2021-02-11
C00195,Kemp PLC,SMB,UK,2023-03-17
C00196,Thornton PLC,SMB,UK,2021-02-07
C00197,"Morley, Yates and Stone",SMB,UK,2022-09-12
C00198,"Dickinson, Wells and Bell",Mid-Market,UK,2025-01-19
C00199,"Jackson, Howell and Green",SMB,IE,2025-10-14
C00200,West and Sons,SMB,IE,2024-01-29
C00201,Taylor-Wood,Mid-Market,IE,2025-12-12
C00202,Davies-Bailey,Enterprise,UK,2022-07-20
C00203,"Roberts, Carroll and Webb",SMB,FR,2022-05-25
C00204,Garner-Shaw,SMB,UK,2022-03-11
C00205,"Patterson, Taylor and Walker",SMB,UK,2021-02-11
C00206,Davies-Taylor,SMB,UK,2025-10-16
C00207,"Morton, Marshall and Lawson",SMB,IE,2025-04-23
C00208,Martin Inc,Mid-Market,UK,2022-06-29
C00209,Williamson Group,SMB,UK,2025-07-31
C00210,James-Quinn,SMB,NL,2025-06-24
C00211,Shah-Johnson,Mid-Market,UK,2022-09-25
C00212,Banks-Taylor,SMB,UK,2023-11-28
C00213,Bailey PLC,SMB,NL,2024-01-24
C00214,Clark LLC,Mid-Market,UK,2025-01-20
C00215,"Palmer, Jones and King",Mid-Market,UK,2024-12-17
C00216,"Miah, Jordan and Naylor",Mid-Market,FR,2021-09-25
C00217,Green Ltd,SMB,FR,2021-11-10
C00218,Gibbons Group,SMB,UK,2022-07-12
C00219,"Greenwood, Clark and Davis",Enterprise,UK,2025-06-18
C00220,Smith-Ahmed,SMB,UK,2025-02-14
C00221,"Barnes, Hussain and Smith",SMB,UK,2021-07-17
C00222,Williams Group,SMB,UK,2021-11-02
C00223,Turnbull Inc,Mid-Market,UK,2023-10-30
C00224,Chandler-Jones,Enterprise,IE,2021-10-21
C00225,Carr Group,SMB,DE,2021-10-27
C00226,Singh LLC,Enterprise,UK,2025-11-09
C00227,"Goodwin, Francis and Nash",SMB,UK,2024-06-21
C00228,Khan Ltd,SMB,UK,2023-06-25
C00229,Gill and Sons,SMB,FR,2025-02-11
C00230,Cunningham PLC,SMB,UK,2024-08-28
C00231,"Page, Black and Cross",SMB,UK,2021-08-08
C00232,Martin LLC,SMB,UK,2021-08-09
C00233,Rees-Miller,Enterprise,UK,2022-08-09
C00234,Williams PLC,SMB,IE,2023-12-17
C00235,Hutchinson LLC,Enterprise,IE,2022-11-06
C00236,Taylor-Law,Mid-Market,UK,2023-03-01
C00237,"Baxter, Wood and Farrell",SMB,DE,2024-01-19
C00238,"Thomas, Robinson and Edwards",Mid-Market,NL,2024-09-15
C00239,Carr PLC,SMB,UK,2021-04-16
C00240,"Jones, Kelly and Williams",SMB,UK,2025-01-24
C00241,"Hopkins, Reid and Daly",Mid-Market,UK,2026-01-21
C00242,"Williams, Thompson and Smith",Mid-Market,DE,2023-01-30
C00243,"Smith, Schofield and Thomson",SMB,UK,2023-09-17
C00244,Watts-Naylor,SMB,UK,2021-06-18
C00245,"Palmer, Lambert and Collier",SMB,UK,2025-09-06
C00246,Roberts PLC,Mid-Market,FR,2022-08-19
C00247,Atkinson-Humphreys,SMB,UK,2024-03-11
C00248,Connolly and Sons,SMB,IE,2021-02-22
C00249,Davies-Gilbert,SMB,UK,2024-10-06
C00250,"Alexander, Williams and Warren",SMB,NL,2024-10-21
C00251,"Bird, Hughes and Owens",Mid-Market,UK,2022-08-22
C00252,Murray-Gibson,Mid-Market,UK,2024-05-26
C00253,Evans-Williams,SMB,FR,2023-02-14
C00254,Russell-Ashton,SMB,FR,2024-02-29
C00255,Gardner Ltd,SMB,UK,2022-12-10
C00256,"Barry, Bartlett and Jordan",Mid-Market,UK,2025-08-10
C00257,Cooper Inc,Mid-Market,IE,2022-08-31
C00258,Nicholson-Brown,SMB,FR,2024-06-06
C00259,"Woods, Brown and Clarke",SMB,UK,2022-11-02
C00260,"Barnes, Webster and Taylor",SMB,UK,2023-06-25
C00261,"Walker, Watkins and Chapman",SMB,IE,2022-11-25
C00262,Walsh LLC,Mid-Market,IE,2021-12-06
C00263,"Holt, Haynes and Harris",SMB,DE,2023-09-23
C00264,"Clarke, Reynolds and Smith",SMB,UK,2022-04-03
C00265,Newton-King,Enterprise,UK,2023-09-10
C00266,Clark-Lawrence,SMB,FR,2025-10-23
C00267,"Davis, Stewart and Wright",SMB,FR,2022-10-06
C00268,Jones LLC,SMB,DE,2025-09-04
C00269,Lloyd PLC,SMB,UK,2022-12-14
C00270,Kerr PLC,SMB,UK,2021-06-22
C00271,Taylor Inc,SMB,IE,2023-10-31
C00272,Baker Group,SMB,UK,2021-05-15
C00273,Ellis-Watts,SMB,NL,2022-06-26
C00274,Henderson-Gibbs,SMB,UK,2023-03-13
C00275,Adams LLC,Mid-Market,IE,2022-08-08
C00276,Turner PLC,SMB,FR,2023-04-16
C00277,"Black, Miller and Harvey",SMB,UK,2022-09-03
C00278,"Smith, Smith and Smith",SMB,UK,2025-03-18
C00279,Brown-Moore,Mid-Market,UK,2024-12-30
C00280,"King, Wilkinson and Campbell",Mid-Market,UK,2025-12-23
C00281,Jones LLC,SMB,UK,2025-05-07
C00282,"Osborne, Day and Edwards",SMB,UK,2021-04-11
C00283,Rees-Howe,SMB,NL,2026-01-01
C00284,Jackson-Walker,SMB,UK,2021-02-07
C00285,"Williams, Kent and Smith",SMB,UK,2026-01-02
C00286,Thomas LLC,SMB,UK,2026-01-08
C00287,Elliott Inc,SMB,UK,2024-11-29
C00288,Hale PLC,SMB,UK,2021-09-10
C00289,"Lawrence, Taylor and Jones",SMB,UK,2025-09-21
C00290,Robertson Inc,SMB,IE,2025-09-18
C00291,Brookes-Lane,Mid-Market,UK,2024-09-13
C00292,Smith-Atkinson,SMB,NL,2025-07-10
C00293,"Ford, Hart and McCarthy",Enterprise,UK,2022-12-31
C00294,Walsh PLC,SMB,UK,2024-07-10
C00295,Thomas Group,Mid-Market,DE,2021-04-22
C00296,Parry-Wilson,Enterprise,FR,2022-11-14
C00297,Ward PLC,Enterprise,UK,2023-10-26
C00298,"Archer, Cole and Wilkins",Mid-Market,UK,2025-11-02
C00299,Sinclair-Wood,Mid-Market,UK,2025-03-11
C00300,Baldwin Inc,SMB,UK,2024-07-04
C00301,Evans Ltd,Mid-Market,UK,2024-11-24
C00302,Morton-Whittaker,SMB,UK,2024-11-17
C00303,"Curtis, Stewart and Wood",SMB,UK,2024-04-02
C00304,Foster-Perry,SMB,UK,2025-06-01
C00305,Walker Group,Mid-Market,NL,2025-12-22
C00306,"Shepherd, Smith and Tomlinson",SMB,IE,2022-03-04
C00307,Evans LLC,SMB,UK,2021-11-10
C00308,"Nolan, Francis and Peacock",SMB,UK,2024-11-20
C00309,"Wilson, Webb and Holloway",SMB,UK,2022-02-24
C00310,"Carey, Stevenson and Carr",SMB,UK,2022-05-25
C00311,Harrison LLC,SMB,DE,2021-07-11
C00312,Howe-Jones,SMB,FR,2026-01-10
C00313,Ahmed-Lucas,SMB,FR,2025-10-12
C00314,Ellis Ltd,SMB,NL,2022-02-26
C00315,Thompson Inc,SMB,NL,2022-08-18
C00316,Williams-Jones,SMB,NL,2023-12-09
C00317,"Bradley, Cartwright and Wallace",SMB,UK,2023-02-05
C00318,Pope-Rhodes,Mid-Market,UK,2025-07-19
C00319,Buckley PLC,SMB,UK,2025-01-28
C00320,Henderson PLC,Enterprise,UK,2022-01-22
C00321,Lynch-Dobson,Enterprise,UK,2023-06-28
C00322,Allan-Newton,SMB,DE,2021-05-12
C00323,"Dobson, White and Griffin",SMB,UK,2025-11-27
C00324,Owen-Jordan,SMB,UK,2022-10-15
C00325,Jones Group,Mid-Market,UK,2025-12-07
C00326,Johnson LLC,Mid-Market,UK,2021-03-28
C00327,Ford Ltd,Mid-Market,UK,2023-07-18
C00328,"Daniels, Robinson and Martin",SMB,FR,2025-08-11
C00329,Parry-Lewis,SMB,UK,2023-02-23
C00330,Andrews-Humphreys,SMB,IE,2024-03-11
C00331,Johnson-Bell,Mid-Market,UK,2021-06-09
C00332,Smith-Rice,SMB,UK,2024-10-13
C00333,"Smith, Cox and Cooke",Mid-Market,UK,2023-03-07
C00334,"Anderson, Payne and Stevens",Mid-Market,DE,2022-03-08
C00335,King-Stone,SMB,DE,2024-05-29
C00336,"Wright, Hodgson and Young",SMB,UK,2025-02-28
C00337,"Peters, Johnson and Marshall",SMB,NL,2022-12-23
C00338,"Morris, Pickering and Lewis",Mid-Market,UK,2025-03-07
C00339,Johnson Group,SMB,FR,2021-07-31
C00340,Burke Inc,Enterprise,UK,2024-02-19
C00341,"Jackson, Smith and Edwards",SMB,UK,2021-10-01
C00342,James and Sons,Enterprise,DE,2021-07-22
C00343,Elliott LLC,Mid-Market,UK,2021-11-03
C00344,"Hawkins, Green and Power",SMB,UK,2024-07-10
C00345,Allen-Lee,Mid-Market,UK,2024-07-10
C00346,Rees-Scott,Mid-Market,UK,2023-07-28
C00347,Jones Inc,Enterprise,IE,2022-12-10
C00348,Russell Inc,SMB,FR,2025-07-11
C00349,O'Brien Ltd,SMB,FR,2021-05-26
C00350,Walker Inc,SMB,UK,2023-04-26
C00351,"Green, Willis and Clark",SMB,UK,2025-03-26
C00352,Mills PLC,SMB,UK,2022-03-23
C00353,Hunter Inc,SMB,UK,2022-12-23
C00354,"Jones, Evans and Smith",SMB,UK,2021-12-12
C00355,Phillips-Harvey,SMB,NL,2024-08-18
C00356,"Lewis, Roberts and John",SMB,FR,2024-06-12
C00357,"Lambert, Carter and Patterson",Mid-Market,DE,2025-07-10
C00358,"Ball, Green and Wilson",Mid-Market,UK,2021-06-04
C00359,Phillips-Randall,SMB,UK,2025-07-27
C00360,"Hunter, Dale and Kelly",SMB,UK,2023-02-28
C00361,Smith Group,Enterprise,UK,2022-03-30
C00362,Walker and Sons,SMB,UK,2022-12-03
C00363,"Rice, Turner and Williams",SMB,UK,2022-06-27
C00364,"Hale, Hunter and Robinson",SMB,UK,2024-03-13
C00365,"Rahman, Norton and Sims",Mid-Market,NL,2023-10-14
C00366,Walsh Ltd,SMB,UK,2022-01-04
C00367,Hopkins-Singh,Mid-Market,NL,2024-03-12
C00368,Pugh Inc,Mid-Market,UK,2023-06-17
C00369,"Ahmed, Cooke and Parker",SMB,UK,2024-01-22
C00370,"Powell, Thomas and Barker",Mid-Market,UK,2023-04-30
C00371,Jones-Edwards,Mid-Market,UK,2024-08-27
C00372,Webb Ltd,SMB,UK,2023-05-07
C00373,Charlton-Morley,SMB,UK,2021-12-08
C00374,Browne-Heath,SMB,FR,2021-04-25
C00375,Nicholls PLC,SMB,UK,2024-09-29
C00376,Berry and Sons,SMB,UK,2022-09-26
C00377,Bennett-Craig,Enterprise,UK,2024-09-27
C00378,"Naylor, Butler and Jones",SMB,UK,2021-12-01
C00379,Summers-Thomas,SMB,UK,2022-08-24
C00380,"Stanley, Adams and Browne",Mid-Market,UK,2022-05-13
C00381,"Reynolds, Ellis and Hughes",SMB,NL,2021-10-14
C00382,"McLean, Edwards and Cox",Enterprise,DE,2024-02-20
C00383,"Watson, Harris and Pearson",Mid-Market,IE,2025-03-28
C00384,"Evans, King and Blake",SMB,UK,2023-08-16
C00385,"Frost, Fisher and Cook",SMB,UK,2021-09-20
C00386,Walker Ltd,Enterprise,FR,2025-01-13
C00387,Morris-Hammond,Mid-Market,UK,2025-12-14
C00388,Carter-Barton,Enterprise,UK,2025-08-18
C00389,"Edwards, Jones and Palmer",SMB,UK,2021-05-20
C00390,Roberts and Sons,Mid-Market,DE,2022-08-13
C00391,Marshall Inc,SMB,UK,2024-11-24
C00392,"Fowler, Knight and Lee",SMB,DE,2021-03-07
C00393,Davidson Group,SMB,DE,2023-11-18
C00394,"Mills, Ashton and Kelly",Mid-Market,UK,2025-04-11
C00395,Roberts Ltd,SMB,FR,2021-02-11
C00396,"Townsend, Reynolds and Hargreaves",SMB,UK,2021-12-01
C00397,Harvey Group,Mid-Market,UK,2023-09-23
C00398,Anderson-Pope,SMB,UK,2023-10-02
C00399,Johnson-Davis,SMB,NL,2025-05-01
C00400,Powell-Owen,SMB,UK,2022-08-27
C00401,"White, Patel and Warren",SMB,UK,2023-04-18
C00402,Tucker-Ross,Enterprise,UK,2021-11-26
C00403,Walker-O'Brien,Mid-Market,UK,2022-11-08
C00404,Williams-Humphreys,SMB,UK,2022-03-15
C00405,"Jones, Howard and Henderson",Enterprise,UK,2023-06-24
C00406,Allen LLC,Mid-Market,UK,2023-05-29
C00407,"Duffy, Noble and Carr",SMB,FR,2023-07-02
C00408,Berry-Morgan,Mid-Market,UK,2021-02-13
C00409,Harris-Bartlett,SMB,IE,2023-02-19
C00410,"Miah, Davis and Day",Enterprise,UK,2022-02-14
C00411,Davies-Edwards,Mid-Market,IE,2023-11-10
C00412,"Knowles, Khan and Atkins",Mid-Market,UK,2022-06-12
C00413,Taylor and Sons,SMB,UK,2025-06-27
C00414,Williams and Sons,Mid-Market,NL,2024-07-27
C00415,Harris Ltd,SMB,UK,2024-07-18
C00416,Bentley-Pearce,SMB,UK,2021-04-23
C00417,Davies-Cook,SMB,IE,2025-12-23
C00418,Oliver-Williamson,Mid-Market,DE,2021-07-21
C00419,"Begum, Austin and Harris",SMB,UK,2024-08-17
C00420,Freeman-Smith,Enterprise,UK,2024-06-12
C00421,"Adams, Burns and Martin",Mid-Market,FR,2022-09-13
C00422,Bowen-Simmons,SMB,IE,2025-01-07
C00423,"Morris, Hooper and Hicks",SMB,NL,2023-05-09
C00424,Berry-Davies,SMB,UK,2024-10-28
C00425,"Parker, Anderson and Smith",SMB,IE,2024-12-05
C00426,"Houghton, Williams and Storey",Mid-Market,UK,2022-04-27
C00427,Holmes-Wright,SMB,NL,2021-12-26
C00428,"Marsh, Pratt and Miller",Mid-Market,UK,2023-06-08
C00429,Bradley-Harding,SMB,IE,2024-09-05
C00430,Tucker Inc,Mid-Market,UK,2024-09-15
C00431,Thomas-Lewis,Enterprise,UK,2024-11-02
C00432,Gardner-Jackson,Mid-Market,IE,2022-10-17
C00433,"Burke, Harris and James",Mid-Market,UK,2023-11-11
C00434,Carey Ltd,Mid-Market,FR,2021-04-05
C00435,"Conway, Webster and Howe",SMB,UK,2024-01-19
C00436,Jordan Inc,SMB,UK,2024-02-09
C00437,"Clark, Taylor and Jackson",SMB,UK,2025-04-09
C00438,Willis-Birch,SMB,UK,2022-05-25
C00439,Bryan PLC,Mid-Market,UK,2021-07-24
C00440,Hutchinson Group,SMB,UK,2022-04-12
C00441,Hill Inc,Mid-Market,UK,2025-02-01
C00442,Cunningham LLC,SMB,IE,2023-05-11
C00443,"Burns, Randall and Allen",Mid-Market,IE,2023-06-29
C00444,Cartwright Group,SMB,IE,2022-06-14
C00445,Baker-Woods,SMB,UK,2021-04-29
C00446,"Black, Watson and Robinson",Mid-Market,UK,2025-12-13
C00447,Murphy LLC,Enterprise,UK,2023-04-01
C00448,Taylor Ltd,SMB,DE,2021-12-01
C00449,Thomas-Marshall,SMB,FR,2022-09-27
C00450,"Barker, Hill and Hooper",SMB,UK,2022-10-22
C00451,Smith-Brady,SMB,IE,2023-02-16
C00452,Taylor and Sons,Mid-Market,UK,2021-05-17
C00453,"Bolton, Harris and Cook",Mid-Market,UK,2025-02-05
C00454,Watkins PLC,SMB,UK,2022-08-10
C00455,O'Connor LLC,SMB,UK,2024-07-09
C00456,Hammond-Stokes,SMB,IE,2022-04-16
C00457,Green PLC,Enterprise,FR,2025-08-07
C00458,Nixon-Bibi,SMB,UK,2023-06-19
C00459,Scott Ltd,Mid-Market,UK,2025-12-23
C00460,Taylor Inc,SMB,IE,2025-02-11
C00461,Thomas-McDonald,SMB,NL,2023-01-04
C00462,Wright-Chan,SMB,UK,2022-02-05
C00463,"Henderson, Harris and Barnes",Enterprise,UK,2023-01-25
C00464,"Richards, Harrison and Jones",SMB,UK,2023-06-25
C00465,"Duffy, Barker and Burns",SMB,UK,2024-10-13
C00466,"Banks, Poole and Doyle",Mid-Market,NL,2024-07-29
C00467,Davies-Price,SMB,UK,2022-06-11
C00468,Hall-Miller,Enterprise,IE,2025-04-08
C00469,"Jones, Carpenter and Walker",SMB,UK,2022-05-03
C00470,"Green, Murray and Hewitt",SMB,UK,2021-03-15
C00471,Palmer LLC,SMB,FR,2021-12-30
C00472,Wright PLC,SMB,UK,2021-06-15
C00473,Williams-Moore,SMB,UK,2023-10-31
C00474,"Begum, Reid and Gould",SMB,NL,2022-09-27
C00475,"Whitehouse, Harrison and Griffiths",SMB,FR,2024-03-28
C00476,Hall Ltd,SMB,UK,2022-11-14
C00477,Adams PLC,SMB,UK,2021-04-01
C00478,Mason-Hughes,SMB,UK,2025-07-02
C00479,Dean-Collins,SMB,UK,2021-04-10
C00480,Hill and Sons,SMB,UK,2021-06-15
C00481,"Bradshaw, Green and Benson",SMB,UK,2024-05-07
C00482,Johnson PLC,SMB,FR,2025-01-07
C00483,"Simmons, Norris and Turner",SMB,FR,2024-02-26
C00484,Pearson-Allen,SMB,DE,2021-09-09
C00485,Bennett LLC,SMB,NL,2025-06-04
C00486,Morton Group,SMB,IE,2024-12-15
C00487,"Brown, Jones and Holden",SMB,DE,2025-01-21
C00488,Anderson-Williams,SMB,DE,2025-08-12
C00489,Knight Inc,SMB,UK,2022-09-25
C00490,Adams-Tucker,SMB,UK,2021-07-21
C00491,Higgins-Brown,Mid-Market,UK,2024-02-08
C00492,Osborne-Carpenter,SMB,UK,2022-10-04
C00493,Wilson Inc,Mid-Market,UK,2025-06-26
C00494,Shaw Ltd,SMB,UK,2024-06-02
C00495,Bell and Sons,Mid-Market,UK,2021-04-26
C00496,"King, Porter and Singh",SMB,UK,2023-07-30
C00497,"Ball, Hall and Hurst",SMB,UK,2022-07-01
C00498,Stevens-Thomson,SMB,DE,2021-03-30
C00499,"White, Stevens and Wood",SMB,FR,2023-10-10
C00500,Howard-Chan,SMB,UK,2022-10-02
C00501,"Gilbert, Hopkins and Wheeler",Mid-Market,UK,2025-10-31
C00502,"Parsons, Taylor and Walker",Mid-Market,UK,2023-06-24
C00503,Bradley-Cox,Enterprise,DE,2025-05-15
C00504,Williamson-Shaw,SMB,DE,2024-05-28
C00505,Jones-Anderson,SMB,UK,2023-04-21
C00506,Williams-Atkinson,Mid-Market,DE,2021-11-09
C00507,Dixon-Potter,SMB,UK,2025-01-09
C00508,Simmons-Weston,Mid-Market,UK,2024-02-14
C00509,Fuller Ltd,SMB,NL,2021-11-15
C00510,"Smith, Price and Jones",SMB,UK,2022-04-04
C00511,King Inc,SMB,UK,2025-10-04
C00512,Wright-Garner,Mid-Market,UK,2025-11-12
C00513,Bryant-Dobson,SMB,UK,2024-12-05
C00514,"Peters, Hall and Davison",SMB,NL,2021-11-13
C00515,Watson-Fowler,SMB,NL,2024-01-29
C00516,Adams PLC,SMB,UK,2021-08-29
C00517,Garner-Chambers,SMB,UK,2024-11-16
C00518,"Clarke, Simpson and Moore",Mid-Market,DE,2025-11-22
C00519,Lynch Group,SMB,UK,2026-01-11
C00520,"Lewis, Morris and Mills",Mid-Market,FR,2021-09-24
C00521,Bell Inc,Mid-Market,IE,2024-10-12
C00522,Fowler Ltd,SMB,UK,2025-03-28
C00523,West-Todd,SMB,DE,2022-03-29
C00524,Sullivan-Hall,SMB,UK,2024-07-22
C00525,"Khan, Clarke and Williamson",SMB,UK,2023-10-31
C00526,Davies Group,SMB,UK,2024-05-31
C00527,"Moore, Butler and Harvey",Enterprise,UK,2025-08-16
C00528,Smith-Johnson,Enterprise,IE,2022-07-08
C00529,Lowe LLC,Mid-Market,IE,2025-03-19
C00530,"Edwards, Read and Pugh",SMB,NL,2025-04-13
C00531,Richardson Inc,Mid-Market,NL,2024-10-13
C00532,Simpson-Butcher,Mid-Market,UK,2024-09-28
C00533,Sims Inc,SMB,UK,2024-05-25
C00534,Bruce-Stone,SMB,IE,2022-08-27
C00535,Russell PLC,SMB,NL,2025-07-01
C00536,"Taylor, Harris and Bray",SMB,UK,2021-02-25
C00537,Lawson-Collins,SMB,UK,2025-12-19
C00538,Turner-Williams,SMB,UK,2022-02-22
C00539,"Moore, Bennett and Kelly",SMB,UK,2022-07-06
C00540,Birch Group,Mid-Market,IE,2023-08-28
C00541,Smith Ltd,Enterprise,UK,2023-12-10
C00542,"Campbell, Cook and Moss",SMB,DE,2021-12-26
C00543,Robson-Hall,Mid-Market,DE,2024-11-24
C00544,"Wheeler, Barker and Butler",Enterprise,DE,2025-01-03
C00545,Martin and Sons,SMB,UK,2025-06-19
C00546,Lawrence LLC,SMB,UK,2025-12-19
C00547,Smith PLC,SMB,IE,2023-11-12
C00548,Carey-Harding,SMB,DE,2022-04-03
C00549,Kemp Ltd,Mid-Market,UK,2022-12-04
C00550,Shaw PLC,SMB,FR,2025-08-15
C00551,Turner PLC,SMB,UK,2022-02-12
C00552,"King, Anderson and Goodwin",SMB,FR,2022-01-08
C00553,Williams-Stokes,SMB,UK,2023-07-27
C00554,Woodward PLC,Enterprise,UK,2025-10-03
C00555,"Jackson, Richardson and Jones",SMB,UK,2021-04-26
C00556,Murphy-Bennett,SMB,UK,2022-10-01
C00557,"Foster, Brown and Macdonald",SMB,UK,2023-07-14
C00558,King-Hughes,SMB,UK,2022-10-28
C00559,"Heath, Rogers and Jackson",SMB,UK,2023-06-04
C00560,"Johnston, Allen and Davis",SMB,DE,2022-03-23
C00561,Rowe-Jones,SMB,UK,2025-12-31
C00562,Turner-Begum,SMB,IE,2021-10-06
C00563,Burgess-Bird,Mid-Market,DE,2023-09-12
C00564,James-Stephens,SMB,UK,2025-04-22
C00565,Griffiths-Marshall,SMB,UK,2021-03-29
C00566,"Moss, Williams and Carter",Mid-Market,FR,2022-05-08
C00567,"Fletcher, Oliver and Davidson",Mid-Market,DE,2024-11-16
C00568,Smith Ltd,SMB,UK,2025-06-08
C00569,Ellis and Sons,SMB,DE,2025-07-30
C00570,Leonard LLC,SMB,UK,2025-10-11
C00571,Sims PLC,SMB,UK,2023-03-02
C00572,"Turner, Wood and Begum",Mid-Market,IE,2024-02-18
C00573,"Birch, Shaw and Johnson",SMB,UK,2024-01-18
C00574,Smith-Mitchell,Mid-Market,DE,2023-04-02
C00575,"Lane, Wade and Knight",Mid-Market,UK,2023-11-30
C00576,Robertson-Burton,SMB,DE,2023-06-30
C00577,Townsend LLC,Enterprise,UK,2022-08-28
C00578,"Henderson, Wilson and Humphreys",SMB,UK,2023-12-17
C00579,Harris-Lucas,Mid-Market,UK,2023-10-15
C00580,Page Ltd,SMB,UK,2024-04-08
C00581,Atkinson PLC,SMB,DE,2021-08-30
C00582,Benson-Hartley,SMB,UK,2023-12-22
C00583,Arnold PLC,SMB,UK,2025-09-11
C00584,"Bevan, Banks and Brown",SMB,UK,2022-12-12
C00585,Ward and Sons,Enterprise,UK,2023-03-27
C00586,Allen PLC,SMB,DE,2025-12-28
C00587,"Gough, Smith and Read",SMB,UK,2022-08-31
C00588,"Harvey, Archer and Ferguson",SMB,NL,2021-02-19
C00589,"Atkinson, Woods and Smith",SMB,UK,2025-01-27
C00590,"Ryan, Gough and Armstrong",SMB,IE,2023-05-12
C00591,Pickering-Smith,Enterprise,UK,2025-02-24
C00592,"Morris, Singh and Johnson",SMB,UK,2025-05-02
C00593,"Smith, Moore and Shaw",SMB,FR,2024-11-12
C00594,Blake-Macdonald,SMB,NL,2021-08-22
C00595,Marshall-Mills,SMB,FR,2023-05-07
C00596,"Webb, Smart and Mason",SMB,UK,2024-10-22
C00597,"Hardy, Gardiner and Thomson",Mid-Market,UK,2025-01-22
C00598,Jones Ltd,SMB,IE,2024-05-14
C00599,Harris Ltd,Enterprise,UK,2023-08-22
C00600,"Freeman, Greenwood and Rhodes",SMB,IE,2025-05-29
